,name,reviews,price,link
0,Rolex Sea-Dweller 43 Stainless Steel Black Dial Ceramic RED 50th Anniversary,Reviews: 61,"$15,000",https://www.chrono24.com//rolex/rolex-rolex-sea-dweller-43-stainless-steel-black-dial-ceramic-red-50th-anniversary--id11806535.htm
1,Rolex Sea-Dweller Double Red 1665 Never Polished FullSet 1977,Reviews: 467,"$89,984",https://www.chrono24.com//rolex/rolex-sea-dweller-double-red-1665-never-polished-fullset-1977--id17745814.htm
2,Rolex Cosmograph Daytona Everose / Chocolate - 116505,"Reviews: 2,082","$39,939",https://www.chrono24.com//rolex/rolex-cosmograph-daytona-everose--chocolate---116505--id8169053.htm
3,Rolex Air King 116900 Unworn 2020,Reviews: 354,"$7,745",https://www.chrono24.com//rolex/rolex-air-king-116900-unworn-2020--id15077064.htm
4,Rolex GMT-Master II Batgirl 126710BLNR 2019 Box & Papers,No reviews,"$16,000",https://www.chrono24.com//rolex/rolex-gmt-master-ii-batgirl-126710blnr-2019-box--papers--id17081547.htm
5,Rolex Submariner 41 Date Stickers/Card/Box/Papers 126610LN,Reviews: 99,"$13,999",https://www.chrono24.com//rolex/rolex-submariner-41-date-stickerscardboxpapers-126610ln--id17804713.htm
6,Rolex Submariner Date,Reviews: 220,"$15,849",https://www.chrono24.com//rolex/rolex-submariner-date--id16910326.htm
7,Rolex GMT-Master 1675 Brown Nipple Dial Root Beer,Reviews: 26,"$11,442",https://www.chrono24.com//rolex/rolex-gmt-master-1675-brown-nipple-dial-root-beer--id16886505.htm
8,Rolex GMT-Master II Black 116710LN 2020 Unworn NEW CARD,Reviews: 354,"$18,495",https://www.chrono24.com//rolex/rolex-gmt-master-ii-black-116710ln-2020-unworn-new-card--id17120355.htm
9,Rolex Day-Date President,Reviews: 4,"$22,500",https://www.chrono24.com//rolex/rolex-day-date-president--id16957642.htm
10,Rolex Datejust 126200 Black Dial 36mm,Reviews: 12,"$6,901",https://www.chrono24.com//rolex/rolex-datejust-126200-black-dial-36mm--id17837285.htm
11,Rolex Oyster Perpetual Date men’s 34 mm White Dial  ref -15000,Reviews: 35,"$3,740",https://www.chrono24.com//rolex/rolex-oyster-perpetual-date-mens-34-mm-white-dial--ref--15000--id17805275.htm
12,Rolex Datejust 41 'UNWORN' 2020 White Dial Jubilee Bracelet,Reviews: 90,"$9,250",https://www.chrono24.com//rolex/rolex-datejust-41-unworn-2020-white-dial-jubilee-bracelet--id17256585.htm
13,Rolex Submariner Date Boxes Papers Blue Dial Bezel SS/18kt Gold 16613,Reviews: 76,"$12,438",https://www.chrono24.com//rolex/rolex-submariner-date-boxes-papers-blue-dial-bezel-ss18kt-gold-16613--id17279495.htm
14,Rolex Datejust 36 Black Index Fluted Jubilee New Style Card/Box/Papers 126234,Reviews: 99,"$9,750",https://www.chrono24.com//rolex/rolex-datejust-36-black-index-fluted-jubilee-new-style-cardboxpapers-126234--id17704772.htm
15,"Rolex Datejust WHITE ROLESOR, DIAMOND",Reviews: 220,"$13,199",https://www.chrono24.com//rolex/rolex-datejust-white-rolesor-diamond--id17580607.htm
16,"Rolex GMT-Master Pepsi, 100% Original, 1 Yr Warranty",Reviews: 26,"$16,842",https://www.chrono24.com//rolex/rolex-gmt-master-pepsi-100-original-1-yr-warranty--id17224022.htm
17,Rolex Explorer II Rolex Vintage Ref 1655 - Steve McQueen 'Big Orange hand',Reviews: 9,"$30,975",https://www.chrono24.com//rolex/rolex-explorer-ii-rolex-vintage-ref-1655---steve-mcqueen-big-orange-hand--id16857189.htm
18,Rolex Yacht-Master II,Reviews: 4,"$22,000",https://www.chrono24.com//rolex/rolex-yacht-master-ii--id16813150.htm
19,Rolex Oyster Perpetual Sea-Dweller RED 2019 in Oystersteel black ceramic with Box & Papers,Reviews: 11,"$14,900",https://www.chrono24.com//rolex/rolex-oyster-perpetual-sea-dweller-red-2019-in-oystersteel-black-ceramic-with-box--papers--id16116029.htm
20,Rolex Datejust steel gold mid size 31 mm champagne dial ref- 68273,Reviews: 35,"$4,490",https://www.chrono24.com//rolex/rolex-datejust-steel-gold-mid-size-31-mm-champagne-dial-ref--68273--id17805534.htm
21,Rolex Explorer II 'Never Polished With Papers and Original Hang Tag',Reviews: 90,"$8,450",https://www.chrono24.com//rolex/rolex-explorer-ii-never-polished-with-papers-and-original-hang-tag--id17088475.htm
22,Rolex Day-Date President 36 Box Papers Factory Champagne Diamond Dial Fluted Bezel 18238,Reviews: 76,"$18,478",https://www.chrono24.com//rolex/rolex-day-date-president-36-box-papers-factory-champagne-diamond-dial-fluted-bezel-18238--id16840280.htm
23,Rolex Sea-Dweller DEEPSEA New Style Card/Box/Papers Late 2020 126660,Reviews: 99,"$14,999",https://www.chrono24.com//rolex/rolex-sea-dweller-deepsea-new-style-cardboxpapers-late-2020-126660--id17659088.htm
24,Rolex Submariner Date,Reviews: 220,"$16,649",https://www.chrono24.com//rolex/rolex-submariner-date--id17580597.htm
25,"Rolex 1680 Submariner—Unpolished—Box, Papers and much more...",Reviews: 26,"$29,000",https://www.chrono24.com//rolex/rolex-1680-submarinerunpolishedbox-papers-and-much-more--id15288687.htm
26,Rolex Sky-Dweller 42mm Blue Dial Stainless Steel 326934,Reviews: 9,"$25,765",https://www.chrono24.com//rolex/rolex-rolex-sky-dweller-42mm-blue-dial-stainless-steel-326934--id17604005.htm
27,Rolex GMT-Master,Reviews: 4,"$18,500",https://www.chrono24.com//rolex/rolex-gmt-master--id16710467.htm
28,Rolex Oyster Perpetual 41 124300,Reviews: 36,"$11,800",https://www.chrono24.com//rolex/rolex-oyster-perpetual-41-124300--id17841571.htm
29,Rolex Datejust Blue Roman Numeral Dial 126300-0017 WINTER SALE CLICK ON LINK TO SEE DISCOUNT,No reviews,"$8,999",https://www.chrono24.com//rolex/rolex-datejust-blue-roman-numeral-dial-126300-0017-winter-sale-click-on-link-to-see-discount--id17740399.htm
30,Rolex Submariner No Date COSC '4 Liner'  Italian Papers,Reviews: 90,"$11,250",https://www.chrono24.com//rolex/rolex-submariner-no-date-cosc-4-liner--italian-papers--id16242282.htm
31,Rolex Submariner Date 40mm Boxes Papers Black Dial Bezel Stainless Steel,Reviews: 76,"$10,432",https://www.chrono24.com//rolex/rolex-submariner-date-40mm-boxes-papers-black-dial-bezel-stainless-steel--id15421488.htm
32,Rolex GMT-Master II Pepsi Stick Dial 3186 w/ Card/Box/Papers 16710,Reviews: 99,"$23,999",https://www.chrono24.com//rolex/rolex-gmt-master-ii-pepsi-stick-dial-3186-w-cardboxpapers-16710--id17494154.htm
33,Rolex unworn Sea-Dweller / Deepsea Stainless Steel w/Black Dial 44mm - 126660,Reviews: 14,"$15,000",https://www.chrono24.com//rolex/rolex-unworn-sea-dweller--deepsea-stainless-steel-wblack-dial-44mm---126660--id16995633.htm
34,"Rolex 5512 Vintage Submariner, Burnt Lume, Faded Insert",Reviews: 26,"$27,442",https://www.chrono24.com//rolex/rolex-5512-vintage-submariner-burnt-lume-faded-insert--id17638044.htm
35,Rolex Explorer II 40mm 16570 GMT LabelNoir,Reviews: 9,"$12,751",https://www.chrono24.com//rolex/rolex-rolex-explorer-ii-40mm-16570-gmt-labelnoir--id17483033.htm
36,Rolex Sea-Dweller,Reviews: 4,"$17,000",https://www.chrono24.com//rolex/rolex-sea-dweller--id16886595.htm
37,Rolex Day-Date 118206,Reviews: 36,"$32,000",https://www.chrono24.com//rolex/rolex-day-date-118206--id17839774.htm
38,Rolex Yacht Master 42mm 18k WHITE GOLD 226659 WINTER SALE CLICK ON LINK TO SEE DISCOUNT,No reviews,"$30,589",https://www.chrono24.com//rolex/rolex-yacht-master-42mm-18k-white-gold-226659-winter-sale-click-on-link-to-see-discount--id17740296.htm
39,"Rolex Datejust 41 '2020 Card""' Custom Diamonds and MOP Dial",Reviews: 90,"$20,500",https://www.chrono24.com//rolex/rolex-datejust-41-2020-card-custom-diamonds-and-mop-dial--id17816623.htm
40,Rolex Datejust 36 UN-WORN Box Papers White Dial Fluted Bezel Oyster Bracelet,Reviews: 76,"$8,892",https://www.chrono24.com//rolex/rolex-datejust-36-un-worn-box-papers-white-dial-fluted-bezel-oyster-bracelet--id16294011.htm
41,Rolex Day Date II Black Roman 2016 1 Owner Box/Papers/Card 41mm 218238,Reviews: 99,"$43,999",https://www.chrono24.com//rolex/rolex-day-date-ii-black-roman-2016-1-owner-boxpaperscard-41mm-218238--id17604527.htm
42,Rolex Daytona Meteorite,Reviews: 322,"$37,995",https://www.chrono24.com//rolex/rolex-daytona-meteorite--id15704590.htm
43,Rolex GMT-Master “Rootbeer” 18kt Yellow Gold w/Brown Nipple Dial – 1675/8,Reviews: 14,"$38,000",https://www.chrono24.com//rolex/rolex-gmt-master-rootbeer-18kt-yellow-gold-wbrown-nipple-dial--16758--id15909018.htm
44,Rolex Sky-Dweller 42mm Blue Dial Stainless Steel 326934,Reviews: 196,"$25,915",https://www.chrono24.com//rolex/rolex-rolex-sky-dweller-42mm-blue-dial-stainless-steel-326934--id11529977.htm
45,Rolex Submariner Date,Reviews: 4,"$45,000",https://www.chrono24.com//rolex/rolex-submariner-date--id16897654.htm
46,Rolex Oyster Perpetual 41 124300,Reviews: 36,"$8,900",https://www.chrono24.com//rolex/rolex-oyster-perpetual-41-124300--id17842458.htm
47,Rolex Women's Datejust 31mm Silver Diamond Dial Pave 68274,Reviews: 8,"$6,025",https://www.chrono24.com//rolex/rolex-womens-datejust-31mm-silver-diamond-dial-pave-68274--id9484215.htm
48,Rolex Yacht-Master Yellow Gold,Reviews: 3,"$13,500",https://www.chrono24.com//rolex/rolex-yacht-master-yellow-gold--id12733796.htm
49,Rolex Datejust 36 Boxes Papers White Roman Dial Fluted SS/18kt White Gold,Reviews: 76,"$7,938",https://www.chrono24.com//rolex/rolex-datejust-36-boxes-papers-white-roman-dial-fluted-ss18kt-white-gold--id16603116.htm
50,Rolex Datejust 36 Silver Index Jubilee Domed New Style Card/Box/Papers 126200,Reviews: 99,"$7,999",https://www.chrono24.com//rolex/rolex-datejust-36-silver-index-jubilee-domed-new-style-cardboxpapers-126200--id17482365.htm
51,Rolex Sea-Dweller Deepsea Bamford,Reviews: 322,"$24,995",https://www.chrono24.com//rolex/sea-dweller-deepsea-bamford--id11110586.htm
52,Rolex Sea-Dweller 43mm Stainless Steel w/Black Dial & Ceramic Bezel - 126600,Reviews: 14,"$15,495",https://www.chrono24.com//rolex/rolex-sea-dweller-43mm-stainless-steel-wblack-dial--ceramic-bezel---126600--id16138158.htm
53,Rolex DateJust Original Silver Diamond Box Booklets 36mm WG/SS,Reviews: 3,"$6,950",https://www.chrono24.com//rolex/rolex-rolex-datejust-original-silver-diamond-box-booklets-36mm-wgss--id16777192.htm
54,Rolex 1803 Rare Purple Diamond Dial,Reviews: 10,"$16,200",https://www.chrono24.com//rolex/rolex-1803-rare-purple-diamond-dial--id8570241.htm
55,Rolex Oyster Perpetual 114300,Reviews: 36,"$7,500",https://www.chrono24.com//rolex/rolex-oyster-perpetual-114300--id17840231.htm
56,Rolex Datejust 41mm Steel Diamonds Pave Dial Black Arabic Numerals 126300,Reviews: 196,"$18,300",https://www.chrono24.com//rolex/rolex-rolex-datejust-41mm-steel-diamonds-pave-dial-black-arabic-numerals-126300--id17738452.htm
57,Rolex Yacht-Master,Reviews: 3,"$7,500",https://www.chrono24.com//rolex/rolex-yacht-master--id13210328.htm
58,Rolex Men's Datejust 36 Champagne Diamond Dial Bezel Boxes Books,Reviews: 76,"$7,959",https://www.chrono24.com//rolex/rolex-mens-datejust-36-champagne-diamond-dial-bezel-boxes-books--id13181706.htm
59,Rolex GMT-Master II Batman Oyster 2019 Box/Papers/Card 116710BLNR,Reviews: 99,"$16,250",https://www.chrono24.com//rolex/rolex-gmt-master-ii-batman-oyster-2019-boxpaperscard-116710blnr--id17558789.htm
60,Rolex Submariner Date Spider Web Dial,No reviews,"$8,750",https://www.chrono24.com//rolex/rolex-submariner-date-spider-web-dial--id17802379.htm
61,Rolex Sea-Dweller Deep Sea Stainless Steel - 116660,Reviews: 14,"$10,995",https://www.chrono24.com//rolex/rolex-sea-dweller-deep-sea-stainless-steel---116660--id8886602.htm
62,Rolex Yacht-Master II Yellow Gold White Dial New Hands on Oyster [Complete Set 2019],Reviews: 134,"$42,350",https://www.chrono24.com//rolex/rolex-yacht-master-ii-yellow-gold-white-dial-new-hands-on-oyster-complete-set-2019--id17163815.htm
63,Rolex GMT-Master II,Reviews: 108,"$13,500",https://www.chrono24.com//rolex/rolex-gmt-master-ii--id17463422.htm
